"MSN","YYYYMM","Value","Column_Order","Description","Unit"
"TPOPPUS","194913","149.2","1","Total Resident Population, United States","Million people"
"TPOPPUS","195013","152.3","1","Total Resident Population, United States","Million people"
"TPOPPUS","195113","154.9","1","Total Resident Population, United States","Million people"
"TPOPPUS","195213","157.6","1","Total Resident Population, United States","Million people"
"TPOPPUS","195313","160.2","1","Total Resident Population, United States","Million people"
"TPOPPUS","195413","163","1","Total Resident Population, United States","Million people"
"TPOPPUS","195513","165.9","1","Total Resident Population, United States","Million people"
"TPOPPUS","195613","168.9","1","Total Resident Population, United States","Million people"
"TPOPPUS","195713","172","1","Total Resident Population, United States","Million people"
"TPOPPUS","195813","174.9","1","Total Resident Population, United States","Million people"
"TPOPPUS","195913","177.8","1","Total Resident Population, United States","Million people"
"TPOPPUS","196013","180.7","1","Total Resident Population, United States","Million people"
"TPOPPUS","196113","183.7","1","Total Resident Population, United States","Million people"
"TPOPPUS","196213","186.5","1","Total Resident Population, United States","Million people"
"TPOPPUS","196313","189.2","1","Total Resident Population, United States","Million people"
"TPOPPUS","196413","191.9","1","Total Resident Population, United States","Million people"
"TPOPPUS","196513","194.3","1","Total Resident Population, United States","Million people"
"TPOPPUS","196613","196.6","1","Total Resident Population, United States","Million people"
"TPOPPUS","196713","198.7","1","Total Resident Population, United States","Million people"
"TPOPPUS","196813","200.7","1","Total Resident Population, United States","Million people"
"TPOPPUS","196913","202.7","1","Total Resident Population, United States","Million people"
"TPOPPUS","197013","205.1","1","Total Resident Population, United States","Million people"
"TPOPPUS","197113","207.7","1","Total Resident Population, United States","Million people"
"TPOPPUS","197213","209.9","1","Total Resident Population, United States","Million people"
"TPOPPUS","197313","211.9","1","Total Resident Population, United States","Million people"
"TPOPPUS","197413","213.9","1","Total Resident Population, United States","Million people"
"TPOPPUS","197513","216","1","Total Resident Population, United States","Million people"
"TPOPPUS","197613","218","1","Total Resident Population, United States","Million people"
"TPOPPUS","197713","220.2","1","Total Resident Population, United States","Million people"
"TPOPPUS","197813","222.6","1","Total Resident Population, United States","Million people"
"TPOPPUS","197913","225.1","1","Total Resident Population, United States","Million people"
"TPOPPUS","198013","227.2","1","Total Resident Population, United States","Million people"
"TPOPPUS","198113","229.5","1","Total Resident Population, United States","Million people"
"TPOPPUS","198213","231.7","1","Total Resident Population, United States","Million people"
"TPOPPUS","198313","233.8","1","Total Resident Population, United States","Million people"
"TPOPPUS","198413","235.8","1","Total Resident Population, United States","Million people"
"TPOPPUS","198513","237.9","1","Total Resident Population, United States","Million people"
"TPOPPUS","198613","240.1","1","Total Resident Population, United States","Million people"
"TPOPPUS","198713","242.3","1","Total Resident Population, United States","Million people"
"TPOPPUS","198813","244.5","1","Total Resident Population, United States","Million people"
"TPOPPUS","198913","246.8","1","Total Resident Population, United States","Million people"
"TPOPPUS","199013","249.6","1","Total Resident Population, United States","Million people"
"TPOPPUS","199113","253","1","Total Resident Population, United States","Million people"
"TPOPPUS","199213","256.5","1","Total Resident Population, United States","Million people"
"TPOPPUS","199313","259.9","1","Total Resident Population, United States","Million people"
"TPOPPUS","199413","263.1","1","Total Resident Population, United States","Million people"
"TPOPPUS","199513","266.3","1","Total Resident Population, United States","Million people"
"TPOPPUS","199613","269.4","1","Total Resident Population, United States","Million people"
"TPOPPUS","199713","272.6","1","Total Resident Population, United States","Million people"
"TPOPPUS","199813","275.9","1","Total Resident Population, United States","Million people"
"TPOPPUS","199913","279","1","Total Resident Population, United States","Million people"
"TPOPPUS","200013","282.2","1","Total Resident Population, United States","Million people"
"TPOPPUS","200113","285","1","Total Resident Population, United States","Million people"
"TPOPPUS","200213","287.6","1","Total Resident Population, United States","Million people"
"TPOPPUS","200313","290.1","1","Total Resident Population, United States","Million people"
"TPOPPUS","200413","292.8","1","Total Resident Population, United States","Million people"
"TPOPPUS","200513","295.5","1","Total Resident Population, United States","Million people"
"TPOPPUS","200613","298.4","1","Total Resident Population, United States","Million people"
"TPOPPUS","200713","301.2","1","Total Resident Population, United States","Million people"
"TPOPPUS","200813","304.1","1","Total Resident Population, United States","Million people"
"TPOPPUS","200913","306.8","1","Total Resident Population, United States","Million people"
"TPOPPUS","201013","309.3","1","Total Resident Population, United States","Million people"
"TPOPPUS","201113","311.6","1","Total Resident Population, United States","Million people"
"TPOPPUS","201213","313.9","1","Total Resident Population, United States","Million people"
"TPOPPUS","201313","316.1","1","Total Resident Population, United States","Million people"
"TPOPPUS","201413","318.4","1","Total Resident Population, United States","Million people"
"TPOPPUS","201513","320.7","1","Total Resident Population, United States","Million people"
"TPOPPUS","201613","323.1","1","Total Resident Population, United States","Million people"
"TPOPPUS","201713","325.1","1","Total Resident Population, United States","Million people"
"TPOPPUS","201813","326.8","1","Total Resident Population, United States","Million people"
"TPOPPUS","201913","328.3","1","Total Resident Population, United States","Million people"
"TPOPPUS","202013","329.5","1","Total Resident Population, United States","Million people"
"TPOPPWO","194913","Not Available","2","Total Resident Population, World","Million people"
"TPOPPWO","195013","2557.6","2","Total Resident Population, World","Million people"
"TPOPPWO","195113","2594.9","2","Total Resident Population, World","Million people"
"TPOPPWO","195213","2636.8","2","Total Resident Population, World","Million people"
"TPOPPWO","195313","2682.1","2","Total Resident Population, World","Million people"
"TPOPPWO","195413","2730.2","2","Total Resident Population, World","Million people"
"TPOPPWO","195513","2782.1","2","Total Resident Population, World","Million people"
"TPOPPWO","195613","2835.3","2","Total Resident Population, World","Million people"
"TPOPPWO","195713","2891.4","2","Total Resident Population, World","Million people"
"TPOPPWO","195813","2948.2","2","Total Resident Population, World","Million people"
"TPOPPWO","195913","3000.7","2","Total Resident Population, World","Million people"
"TPOPPWO","196013","3043","2","Total Resident Population, World","Million people"
"TPOPPWO","196113","3084.1","2","Total Resident Population, World","Million people"
"TPOPPWO","196213","3140.2","2","Total Resident Population, World","Million people"
"TPOPPWO","196313","3210","2","Total Resident Population, World","Million people"
"TPOPPWO","196413","3281.5","2","Total Resident Population, World","Million people"
"TPOPPWO","196513","3350.8","2","Total Resident Population, World","Million people"
"TPOPPWO","196613","3421.1","2","Total Resident Population, World","Million people"
"TPOPPWO","196713","3490.8","2","Total Resident Population, World","Million people"
"TPOPPWO","196813","3562.9","2","Total Resident Population, World","Million people"
"TPOPPWO","196913","3637.8","2","Total Resident Population, World","Million people"
"TPOPPWO","197013","3713.5","2","Total Resident Population, World","Million people"
"TPOPPWO","197113","3791.1","2","Total Resident Population, World","Million people"
"TPOPPWO","197213","3867.4","2","Total Resident Population, World","Million people"
"TPOPPWO","197313","3942.9","2","Total Resident Population, World","Million people"
"TPOPPWO","197413","4017.5","2","Total Resident Population, World","Million people"
"TPOPPWO","197513","4089","2","Total Resident Population, World","Million people"
"TPOPPWO","197613","4159","2","Total Resident Population, World","Million people"
"TPOPPWO","197713","4229.7","2","Total Resident Population, World","Million people"
"TPOPPWO","197813","4300.5","2","Total Resident Population, World","Million people"
"TPOPPWO","197913","4374.1","2","Total Resident Population, World","Million people"
"TPOPPWO","198013","4445","2","Total Resident Population, World","Million people"
"TPOPPWO","198113","4526.3","2","Total Resident Population, World","Million people"
"TPOPPWO","198213","4606.5","2","Total Resident Population, World","Million people"
"TPOPPWO","198313","4687.7","2","Total Resident Population, World","Million people"
"TPOPPWO","198413","4766.5","2","Total Resident Population, World","Million people"
"TPOPPWO","198513","4848.4","2","Total Resident Population, World","Million people"
"TPOPPWO","198613","4932.4","2","Total Resident Population, World","Million people"
"TPOPPWO","198713","5019","2","Total Resident Population, World","Million people"
"TPOPPWO","198813","5106.4","2","Total Resident Population, World","Million people"
"TPOPPWO","198913","5193.4","2","Total Resident Population, World","Million people"
"TPOPPWO","199013","5282","2","Total Resident Population, World","Million people"
"TPOPPWO","199113","5365.3","2","Total Resident Population, World","Million people"
"TPOPPWO","199213","5449.4","2","Total Resident Population, World","Million people"
"TPOPPWO","199313","5530.9","2","Total Resident Population, World","Million people"
"TPOPPWO","199413","5610.7","2","Total Resident Population, World","Million people"
"TPOPPWO","199513","5691.8","2","Total Resident Population, World","Million people"
"TPOPPWO","199613","5772","2","Total Resident Population, World","Million people"
"TPOPPWO","199713","5850.7","2","Total Resident Population, World","Million people"
"TPOPPWO","199813","5928.2","2","Total Resident Population, World","Million people"
"TPOPPWO","199913","6005.1","2","Total Resident Population, World","Million people"
"TPOPPWO","200013","6081.9","2","Total Resident Population, World","Million people"
"TPOPPWO","200113","6159.1","2","Total Resident Population, World","Million people"
"TPOPPWO","200213","6236.7","2","Total Resident Population, World","Million people"
"TPOPPWO","200313","6314.7","2","Total Resident Population, World","Million people"
"TPOPPWO","200413","6393.1","2","Total Resident Population, World","Million people"
"TPOPPWO","200513","6471.5","2","Total Resident Population, World","Million people"
"TPOPPWO","200613","6551.9","2","Total Resident Population, World","Million people"
"TPOPPWO","200713","6634.4","2","Total Resident Population, World","Million people"
"TPOPPWO","200813","6718.3","2","Total Resident Population, World","Million people"
"TPOPPWO","200913","6801.8","2","Total Resident Population, World","Million people"
"TPOPPWO","201013","6884","2","Total Resident Population, World","Million people"
"TPOPPWO","201113","6965.9","2","Total Resident Population, World","Million people"
"TPOPPWO","201213","7047.8","2","Total Resident Population, World","Million people"
"TPOPPWO","201313","7130.5","2","Total Resident Population, World","Million people"
"TPOPPWO","201413","7212.9","2","Total Resident Population, World","Million people"
"TPOPPWO","201513","7294.3","2","Total Resident Population, World","Million people"
"TPOPPWO","201613","7375.3","2","Total Resident Population, World","Million people"
"TPOPPWO","201713","7455.1","2","Total Resident Population, World","Million people"
"TPOPPWO","201813","7533.7","2","Total Resident Population, World","Million people"
"TPOPPWO","201913","7612.1","2","Total Resident Population, World","Million people"
"TPOPPWO","202013","7693.3","2","Total Resident Population, World","Million people"
"TPOPSUS","194913","Not Available","3","United States Share of World Population","Percent"
"TPOPSUS","195013","6","3","United States Share of World Population","Percent"
"TPOPSUS","195113","6","3","United States Share of World Population","Percent"
"TPOPSUS","195213","6","3","United States Share of World Population","Percent"
"TPOPSUS","195313","6","3","United States Share of World Population","Percent"
"TPOPSUS","195413","6","3","United States Share of World Population","Percent"
"TPOPSUS","195513","6","3","United States Share of World Population","Percent"
"TPOPSUS","195613","6","3","United States Share of World Population","Percent"
"TPOPSUS","195713","5.9","3","United States Share of World Population","Percent"
"TPOPSUS","195813","5.9","3","United States Share of World Population","Percent"
"TPOPSUS","195913","5.9","3","United States Share of World Population","Percent"
"TPOPSUS","196013","5.9","3","United States Share of World Population","Percent"
"TPOPSUS","196113","6","3","United States Share of World Population","Percent"
"TPOPSUS","196213","5.9","3","United States Share of World Population","Percent"
"TPOPSUS","196313","5.9","3","United States Share of World Population","Percent"
"TPOPSUS","196413","5.8","3","United States Share of World Population","Percent"
"TPOPSUS","196513","5.8","3","United States Share of World Population","Percent"
"TPOPSUS","196613","5.7","3","United States Share of World Population","Percent"
"TPOPSUS","196713","5.7","3","United States Share of World Population","Percent"
"TPOPSUS","196813","5.6","3","United States Share of World Population","Percent"
"TPOPSUS","196913","5.6","3","United States Share of World Population","Percent"
"TPOPSUS","197013","5.5","3","United States Share of World Population","Percent"
"TPOPSUS","197113","5.5","3","United States Share of World Population","Percent"
"TPOPSUS","197213","5.4","3","United States Share of World Population","Percent"
"TPOPSUS","197313","5.4","3","United States Share of World Population","Percent"
"TPOPSUS","197413","5.3","3","United States Share of World Population","Percent"
"TPOPSUS","197513","5.3","3","United States Share of World Population","Percent"
"TPOPSUS","197613","5.2","3","United States Share of World Population","Percent"
"TPOPSUS","197713","5.2","3","United States Share of World Population","Percent"
"TPOPSUS","197813","5.2","3","United States Share of World Population","Percent"
"TPOPSUS","197913","5.1","3","United States Share of World Population","Percent"
"TPOPSUS","198013","5.1","3","United States Share of World Population","Percent"
"TPOPSUS","198113","5.1","3","United States Share of World Population","Percent"
"TPOPSUS","198213","5","3","United States Share of World Population","Percent"
"TPOPSUS","198313","5","3","United States Share of World Population","Percent"
"TPOPSUS","198413","4.9","3","United States Share of World Population","Percent"
"TPOPSUS","198513","4.9","3","United States Share of World Population","Percent"
"TPOPSUS","198613","4.9","3","United States Share of World Population","Percent"
"TPOPSUS","198713","4.8","3","United States Share of World Population","Percent"
"TPOPSUS","198813","4.8","3","United States Share of World Population","Percent"
"TPOPSUS","198913","4.8","3","United States Share of World Population","Percent"
"TPOPSUS","199013","4.7","3","United States Share of World Population","Percent"
"TPOPSUS","199113","4.7","3","United States Share of World Population","Percent"
"TPOPSUS","199213","4.7","3","United States Share of World Population","Percent"
"TPOPSUS","199313","4.7","3","United States Share of World Population","Percent"
"TPOPSUS","199413","4.7","3","United States Share of World Population","Percent"
"TPOPSUS","199513","4.7","3","United States Share of World Population","Percent"
"TPOPSUS","199613","4.7","3","United States Share of World Population","Percent"
"TPOPSUS","199713","4.7","3","United States Share of World Population","Percent"
"TPOPSUS","199813","4.7","3","United States Share of World Population","Percent"
"TPOPSUS","199913","4.6","3","United States Share of World Population","Percent"
"TPOPSUS","200013","4.6","3","United States Share of World Population","Percent"
"TPOPSUS","200113","4.6","3","United States Share of World Population","Percent"
"TPOPSUS","200213","4.6","3","United States Share of World Population","Percent"
"TPOPSUS","200313","4.6","3","United States Share of World Population","Percent"
"TPOPSUS","200413","4.6","3","United States Share of World Population","Percent"
"TPOPSUS","200513","4.6","3","United States Share of World Population","Percent"
"TPOPSUS","200613","4.6","3","United States Share of World Population","Percent"
"TPOPSUS","200713","4.5","3","United States Share of World Population","Percent"
"TPOPSUS","200813","4.5","3","United States Share of World Population","Percent"
"TPOPSUS","200913","4.5","3","United States Share of World Population","Percent"
"TPOPSUS","201013","4.5","3","United States Share of World Population","Percent"
"TPOPSUS","201113","4.5","3","United States Share of World Population","Percent"
"TPOPSUS","201213","4.5","3","United States Share of World Population","Percent"
"TPOPSUS","201313","4.4","3","United States Share of World Population","Percent"
"TPOPSUS","201413","4.4","3","United States Share of World Population","Percent"
"TPOPSUS","201513","4.4","3","United States Share of World Population","Percent"
"TPOPSUS","201613","4.4","3","United States Share of World Population","Percent"
"TPOPSUS","201713","4.4","3","United States Share of World Population","Percent"
"TPOPSUS","201813","4.3","3","United States Share of World Population","Percent"
"TPOPSUS","201913","4.3","3","United States Share of World Population","Percent"
"TPOPSUS","202013","4.3","3","United States Share of World Population","Percent"
"GDPRVUS","194913","272.5","4","U.S. Gross Domestic Product, Nominal","Billion Dollars"
"GDPRVUS","195013","299.8","4","U.S. Gross Domestic Product, Nominal","Billion Dollars"
"GDPRVUS","195113","346.9","4","U.S. Gross Domestic Product, Nominal","Billion Dollars"
"GDPRVUS","195213","367.3","4","U.S. Gross Domestic Product, Nominal","Billion Dollars"
"GDPRVUS","195313","389.2","4","U.S. Gross Domestic Product, Nominal","Billion Dollars"
"GDPRVUS","195413","390.5","4","U.S. Gross Domestic Product, Nominal","Billion Dollars"
"GDPRVUS","195513","425.5","4","U.S. Gross Domestic Product, Nominal","Billion Dollars"
"GDPRVUS","195613","449.4","4","U.S. Gross Domestic Product, Nominal","Billion Dollars"
"GDPRVUS","195713","474","4","U.S. Gross Domestic Product, Nominal","Billion Dollars"
"GDPRVUS","195813","481.2","4","U.S. Gross Domestic Product, Nominal","Billion Dollars"
"GDPRVUS","195913","521.7","4","U.S. Gross Domestic Product, Nominal","Billion Dollars"
"GDPRVUS","196013","542.4","4","U.S. Gross Domestic Product, Nominal","Billion Dollars"
"GDPRVUS","196113","562.2","4","U.S. Gross Domestic Product, Nominal","Billion Dollars"
"GDPRVUS","196213","603.9","4","U.S. Gross Domestic Product, Nominal","Billion Dollars"
"GDPRVUS","196313","637.5","4","U.S. Gross Domestic Product, Nominal","Billion Dollars"
"GDPRVUS","196413","684.5","4","U.S. Gross Domestic Product, Nominal","Billion Dollars"
"GDPRVUS","196513","742.3","4","U.S. Gross Domestic Product, Nominal","Billion Dollars"
"GDPRVUS","196613","813.4","4","U.S. Gross Domestic Product, Nominal","Billion Dollars"
"GDPRVUS","196713","860","4","U.S. Gross Domestic Product, Nominal","Billion Dollars"
"GDPRVUS","196813","940.7","4","U.S. Gross Domestic Product, Nominal","Billion Dollars"
"GDPRVUS","196913","1017.6","4","U.S. Gross Domestic Product, Nominal","Billion Dollars"
"GDPRVUS","197013","1073.3","4","U.S. Gross Domestic Product, Nominal","Billion Dollars"
"GDPRVUS","197113","1164.9","4","U.S. Gross Domestic Product, Nominal","Billion Dollars"
"GDPRVUS","197213","1279.1","4","U.S. Gross Domestic Product, Nominal","Billion Dollars"
"GDPRVUS","197313","1425.4","4","U.S. Gross Domestic Product, Nominal","Billion Dollars"
"GDPRVUS","197413","1545.2","4","U.S. Gross Domestic Product, Nominal","Billion Dollars"
"GDPRVUS","197513","1684.9","4","U.S. Gross Domestic Product, Nominal","Billion Dollars"
"GDPRVUS","197613","1873.4","4","U.S. Gross Domestic Product, Nominal","Billion Dollars"
"GDPRVUS","197713","2081.8","4","U.S. Gross Domestic Product, Nominal","Billion Dollars"
"GDPRVUS","197813","2351.6","4","U.S. Gross Domestic Product, Nominal","Billion Dollars"
"GDPRVUS","197913","2627.3","4","U.S. Gross Domestic Product, Nominal","Billion Dollars"
"GDPRVUS","198013","2857.3","4","U.S. Gross Domestic Product, Nominal","Billion Dollars"
"GDPRVUS","198113","3207","4","U.S. Gross Domestic Product, Nominal","Billion Dollars"
"GDPRVUS","198213","3343.8","4","U.S. Gross Domestic Product, Nominal","Billion Dollars"
"GDPRVUS","198313","3634","4","U.S. Gross Domestic Product, Nominal","Billion Dollars"
"GDPRVUS","198413","4037.6","4","U.S. Gross Domestic Product, Nominal","Billion Dollars"
"GDPRVUS","198513","4339","4","U.S. Gross Domestic Product, Nominal","Billion Dollars"
"GDPRVUS","198613","4579.6","4","U.S. Gross Domestic Product, Nominal","Billion Dollars"
"GDPRVUS","198713","4855.2","4","U.S. Gross Domestic Product, Nominal","Billion Dollars"
"GDPRVUS","198813","5236.4","4","U.S. Gross Domestic Product, Nominal","Billion Dollars"
"GDPRVUS","198913","5641.6","4","U.S. Gross Domestic Product, Nominal","Billion Dollars"
"GDPRVUS","199013","5963.1","4","U.S. Gross Domestic Product, Nominal","Billion Dollars"
"GDPRVUS","199113","6158.1","4","U.S. Gross Domestic Product, Nominal","Billion Dollars"
"GDPRVUS","199213","6520.3","4","U.S. Gross Domestic Product, Nominal","Billion Dollars"
"GDPRVUS","199313","6858.6","4","U.S. Gross Domestic Product, Nominal","Billion Dollars"
"GDPRVUS","199413","7287.2","4","U.S. Gross Domestic Product, Nominal","Billion Dollars"
"GDPRVUS","199513","7639.7","4","U.S. Gross Domestic Product, Nominal","Billion Dollars"
"GDPRVUS","199613","8073.1","4","U.S. Gross Domestic Product, Nominal","Billion Dollars"
"GDPRVUS","199713","8577.6","4","U.S. Gross Domestic Product, Nominal","Billion Dollars"
"GDPRVUS","199813","9062.8","4","U.S. Gross Domestic Product, Nominal","Billion Dollars"
"GDPRVUS","199913","9630.7","4","U.S. Gross Domestic Product, Nominal","Billion Dollars"
"GDPRVUS","200013","10252.3","4","U.S. Gross Domestic Product, Nominal","Billion Dollars"
"GDPRVUS","200113","10581.8","4","U.S. Gross Domestic Product, Nominal","Billion Dollars"
"GDPRVUS","200213","10936.4","4","U.S. Gross Domestic Product, Nominal","Billion Dollars"
"GDPRVUS","200313","11458.2","4","U.S. Gross Domestic Product, Nominal","Billion Dollars"
"GDPRVUS","200413","12213.7","4","U.S. Gross Domestic Product, Nominal","Billion Dollars"
"GDPRVUS","200513","13036.6","4","U.S. Gross Domestic Product, Nominal","Billion Dollars"
"GDPRVUS","200613","13814.6","4","U.S. Gross Domestic Product, Nominal","Billion Dollars"
"GDPRVUS","200713","14451.9","4","U.S. Gross Domestic Product, Nominal","Billion Dollars"
"GDPRVUS","200813","14712.8","4","U.S. Gross Domestic Product, Nominal","Billion Dollars"
"GDPRVUS","200913","14448.9","4","U.S. Gross Domestic Product, Nominal","Billion Dollars"
"GDPRVUS","201013","14992.1","4","U.S. Gross Domestic Product, Nominal","Billion Dollars"
"GDPRVUS","201113","15542.6","4","U.S. Gross Domestic Product, Nominal","Billion Dollars"
"GDPRVUS","201213","16197","4","U.S. Gross Domestic Product, Nominal","Billion Dollars"
"GDPRVUS","201313","16784.9","4","U.S. Gross Domestic Product, Nominal","Billion Dollars"
"GDPRVUS","201413","17527.3","4","U.S. Gross Domestic Product, Nominal","Billion Dollars"
"GDPRVUS","201513","18238.3","4","U.S. Gross Domestic Product, Nominal","Billion Dollars"
"GDPRVUS","201613","18745.1","4","U.S. Gross Domestic Product, Nominal","Billion Dollars"
"GDPRVUS","201713","19543","4","U.S. Gross Domestic Product, Nominal","Billion Dollars"
"GDPRVUS","201813","20611.9","4","U.S. Gross Domestic Product, Nominal","Billion Dollars"
"GDPRVUS","201913","21433.2","4","U.S. Gross Domestic Product, Nominal","Billion Dollars"
"GDPRVUS","202013","20932.8","4","U.S. Gross Domestic Product, Nominal","Billion Dollars"
"GDPRXUS","194913","2106.6","5","U.S. Gross Domestic Product, Real","Billion chained (2012) dollars"
"GDPRXUS","195013","2289.5","5","U.S. Gross Domestic Product, Real","Billion chained (2012) dollars"
"GDPRXUS","195113","2473.8","5","U.S. Gross Domestic Product, Real","Billion chained (2012) dollars"
"GDPRXUS","195213","2574.9","5","U.S. Gross Domestic Product, Real","Billion chained (2012) dollars"
"GDPRXUS","195313","2695.6","5","U.S. Gross Domestic Product, Real","Billion chained (2012) dollars"
"GDPRXUS","195413","2680","5","U.S. Gross Domestic Product, Real","Billion chained (2012) dollars"
"GDPRXUS","195513","2871.2","5","U.S. Gross Domestic Product, Real","Billion chained (2012) dollars"
"GDPRXUS","195613","2932.4","5","U.S. Gross Domestic Product, Real","Billion chained (2012) dollars"
"GDPRXUS","195713","2994.1","5","U.S. Gross Domestic Product, Real","Billion chained (2012) dollars"
"GDPRXUS","195813","2972","5","U.S. Gross Domestic Product, Real","Billion chained (2012) dollars"
"GDPRXUS","195913","3178.2","5","U.S. Gross Domestic Product, Real","Billion chained (2012) dollars"
"GDPRXUS","196013","3260","5","U.S. Gross Domestic Product, Real","Billion chained (2012) dollars"
"GDPRXUS","196113","3343.5","5","U.S. Gross Domestic Product, Real","Billion chained (2012) dollars"
"GDPRXUS","196213","3548.4","5","U.S. Gross Domestic Product, Real","Billion chained (2012) dollars"
"GDPRXUS","196313","3702.9","5","U.S. Gross Domestic Product, Real","Billion chained (2012) dollars"
"GDPRXUS","196413","3916.3","5","U.S. Gross Domestic Product, Real","Billion chained (2012) dollars"
"GDPRXUS","196513","4170.8","5","U.S. Gross Domestic Product, Real","Billion chained (2012) dollars"
"GDPRXUS","196613","4445.9","5","U.S. Gross Domestic Product, Real","Billion chained (2012) dollars"
"GDPRXUS","196713","4567.8","5","U.S. Gross Domestic Product, Real","Billion chained (2012) dollars"
"GDPRXUS","196813","4792.3","5","U.S. Gross Domestic Product, Real","Billion chained (2012) dollars"
"GDPRXUS","196913","4942.1","5","U.S. Gross Domestic Product, Real","Billion chained (2012) dollars"
"GDPRXUS","197013","4951.3","5","U.S. Gross Domestic Product, Real","Billion chained (2012) dollars"
"GDPRXUS","197113","5114.3","5","U.S. Gross Domestic Product, Real","Billion chained (2012) dollars"
"GDPRXUS","197213","5383.3","5","U.S. Gross Domestic Product, Real","Billion chained (2012) dollars"
"GDPRXUS","197313","5687.2","5","U.S. Gross Domestic Product, Real","Billion chained (2012) dollars"
"GDPRXUS","197413","5656.5","5","U.S. Gross Domestic Product, Real","Billion chained (2012) dollars"
"GDPRXUS","197513","5644.8","5","U.S. Gross Domestic Product, Real","Billion chained (2012) dollars"
"GDPRXUS","197613","5949","5","U.S. Gross Domestic Product, Real","Billion chained (2012) dollars"
"GDPRXUS","197713","6224.1","5","U.S. Gross Domestic Product, Real","Billion chained (2012) dollars"
"GDPRXUS","197813","6568.6","5","U.S. Gross Domestic Product, Real","Billion chained (2012) dollars"
"GDPRXUS","197913","6776.6","5","U.S. Gross Domestic Product, Real","Billion chained (2012) dollars"
"GDPRXUS","198013","6759.2","5","U.S. Gross Domestic Product, Real","Billion chained (2012) dollars"
"GDPRXUS","198113","6930.7","5","U.S. Gross Domestic Product, Real","Billion chained (2012) dollars"
"GDPRXUS","198213","6805.8","5","U.S. Gross Domestic Product, Real","Billion chained (2012) dollars"
"GDPRXUS","198313","7117.7","5","U.S. Gross Domestic Product, Real","Billion chained (2012) dollars"
"GDPRXUS","198413","7632.8","5","U.S. Gross Domestic Product, Real","Billion chained (2012) dollars"
"GDPRXUS","198513","7951.1","5","U.S. Gross Domestic Product, Real","Billion chained (2012) dollars"
"GDPRXUS","198613","8226.4","5","U.S. Gross Domestic Product, Real","Billion chained (2012) dollars"
"GDPRXUS","198713","8511","5","U.S. Gross Domestic Product, Real","Billion chained (2012) dollars"
"GDPRXUS","198813","8866.5","5","U.S. Gross Domestic Product, Real","Billion chained (2012) dollars"
"GDPRXUS","198913","9192.1","5","U.S. Gross Domestic Product, Real","Billion chained (2012) dollars"
"GDPRXUS","199013","9365.5","5","U.S. Gross Domestic Product, Real","Billion chained (2012) dollars"
"GDPRXUS","199113","9355.4","5","U.S. Gross Domestic Product, Real","Billion chained (2012) dollars"
"GDPRXUS","199213","9684.9","5","U.S. Gross Domestic Product, Real","Billion chained (2012) dollars"
"GDPRXUS","199313","9951.5","5","U.S. Gross Domestic Product, Real","Billion chained (2012) dollars"
"GDPRXUS","199413","10352.4","5","U.S. Gross Domestic Product, Real","Billion chained (2012) dollars"
"GDPRXUS","199513","10630.3","5","U.S. Gross Domestic Product, Real","Billion chained (2012) dollars"
"GDPRXUS","199613","11031.4","5","U.S. Gross Domestic Product, Real","Billion chained (2012) dollars"
"GDPRXUS","199713","11521.9","5","U.S. Gross Domestic Product, Real","Billion chained (2012) dollars"
"GDPRXUS","199813","12038.3","5","U.S. Gross Domestic Product, Real","Billion chained (2012) dollars"
"GDPRXUS","199913","12610.5","5","U.S. Gross Domestic Product, Real","Billion chained (2012) dollars"
"GDPRXUS","200013","13131","5","U.S. Gross Domestic Product, Real","Billion chained (2012) dollars"
"GDPRXUS","200113","13262.1","5","U.S. Gross Domestic Product, Real","Billion chained (2012) dollars"
"GDPRXUS","200213","13493.1","5","U.S. Gross Domestic Product, Real","Billion chained (2012) dollars"
"GDPRXUS","200313","13879.1","5","U.S. Gross Domestic Product, Real","Billion chained (2012) dollars"
"GDPRXUS","200413","14406.4","5","U.S. Gross Domestic Product, Real","Billion chained (2012) dollars"
"GDPRXUS","200513","14912.5","5","U.S. Gross Domestic Product, Real","Billion chained (2012) dollars"
"GDPRXUS","200613","15338.3","5","U.S. Gross Domestic Product, Real","Billion chained (2012) dollars"
"GDPRXUS","200713","15626","5","U.S. Gross Domestic Product, Real","Billion chained (2012) dollars"
"GDPRXUS","200813","15604.7","5","U.S. Gross Domestic Product, Real","Billion chained (2012) dollars"
"GDPRXUS","200913","15208.8","5","U.S. Gross Domestic Product, Real","Billion chained (2012) dollars"
"GDPRXUS","201013","15598.8","5","U.S. Gross Domestic Product, Real","Billion chained (2012) dollars"
"GDPRXUS","201113","15840.7","5","U.S. Gross Domestic Product, Real","Billion chained (2012) dollars"
"GDPRXUS","201213","16197","5","U.S. Gross Domestic Product, Real","Billion chained (2012) dollars"
"GDPRXUS","201313","16495.4","5","U.S. Gross Domestic Product, Real","Billion chained (2012) dollars"
"GDPRXUS","201413","16912","5","U.S. Gross Domestic Product, Real","Billion chained (2012) dollars"
"GDPRXUS","201513","17432.2","5","U.S. Gross Domestic Product, Real","Billion chained (2012) dollars"
"GDPRXUS","201613","17730.5","5","U.S. Gross Domestic Product, Real","Billion chained (2012) dollars"
"GDPRXUS","201713","18144.1","5","U.S. Gross Domestic Product, Real","Billion chained (2012) dollars"
"GDPRXUS","201813","18687.8","5","U.S. Gross Domestic Product, Real","Billion chained (2012) dollars"
"GDPRXUS","201913","19091.7","5","U.S. Gross Domestic Product, Real","Billion chained (2012) dollars"
"GDPRXUS","202013","18422.6","5","U.S. Gross Domestic Product, Real","Billion chained (2012) dollars"
"GDPDIUS","194913","0.12935","6","U.S. Gross Domestic Product Implicit Price Deflator","2012 = 1.00000"
"GDPDIUS","195013","0.13095","6","U.S. Gross Domestic Product Implicit Price Deflator","2012 = 1.00000"
"GDPDIUS","195113","0.14024","6","U.S. Gross Domestic Product Implicit Price Deflator","2012 = 1.00000"
"GDPDIUS","195213","0.14266","6","U.S. Gross Domestic Product Implicit Price Deflator","2012 = 1.00000"
"GDPDIUS","195313","0.14439","6","U.S. Gross Domestic Product Implicit Price Deflator","2012 = 1.00000"
"GDPDIUS","195413","0.14573","6","U.S. Gross Domestic Product Implicit Price Deflator","2012 = 1.00000"
"GDPDIUS","195513","0.14819","6","U.S. Gross Domestic Product Implicit Price Deflator","2012 = 1.00000"
"GDPDIUS","195613","0.15324","6","U.S. Gross Domestic Product Implicit Price Deflator","2012 = 1.00000"
"GDPDIUS","195713","0.15832","6","U.S. Gross Domestic Product Implicit Price Deflator","2012 = 1.00000"
"GDPDIUS","195813","0.16192","6","U.S. Gross Domestic Product Implicit Price Deflator","2012 = 1.00000"
"GDPDIUS","195913","0.16414","6","U.S. Gross Domestic Product Implicit Price Deflator","2012 = 1.00000"
"GDPDIUS","196013","0.16638","6","U.S. Gross Domestic Product Implicit Price Deflator","2012 = 1.00000"
"GDPDIUS","196113","0.16815","6","U.S. Gross Domestic Product Implicit Price Deflator","2012 = 1.00000"
"GDPDIUS","196213","0.1702","6","U.S. Gross Domestic Product Implicit Price Deflator","2012 = 1.00000"
"GDPDIUS","196313","0.17215","6","U.S. Gross Domestic Product Implicit Price Deflator","2012 = 1.00000"
"GDPDIUS","196413","0.17477","6","U.S. Gross Domestic Product Implicit Price Deflator","2012 = 1.00000"
"GDPDIUS","196513","0.17798","6","U.S. Gross Domestic Product Implicit Price Deflator","2012 = 1.00000"
"GDPDIUS","196613","0.18296","6","U.S. Gross Domestic Product Implicit Price Deflator","2012 = 1.00000"
"GDPDIUS","196713","0.18827","6","U.S. Gross Domestic Product Implicit Price Deflator","2012 = 1.00000"
"GDPDIUS","196813","0.19628","6","U.S. Gross Domestic Product Implicit Price Deflator","2012 = 1.00000"
"GDPDIUS","196913","0.20591","6","U.S. Gross Domestic Product Implicit Price Deflator","2012 = 1.00000"
"GDPDIUS","197013","0.21677","6","U.S. Gross Domestic Product Implicit Price Deflator","2012 = 1.00000"
"GDPDIUS","197113","0.22776","6","U.S. Gross Domestic Product Implicit Price Deflator","2012 = 1.00000"
"GDPDIUS","197213","0.23761","6","U.S. Gross Domestic Product Implicit Price Deflator","2012 = 1.00000"
"GDPDIUS","197313","0.25063","6","U.S. Gross Domestic Product Implicit Price Deflator","2012 = 1.00000"
"GDPDIUS","197413","0.27318","6","U.S. Gross Domestic Product Implicit Price Deflator","2012 = 1.00000"
"GDPDIUS","197513","0.29849","6","U.S. Gross Domestic Product Implicit Price Deflator","2012 = 1.00000"
"GDPDIUS","197613","0.31491","6","U.S. Gross Domestic Product Implicit Price Deflator","2012 = 1.00000"
"GDPDIUS","197713","0.33448","6","U.S. Gross Domestic Product Implicit Price Deflator","2012 = 1.00000"
"GDPDIUS","197813","0.35801","6","U.S. Gross Domestic Product Implicit Price Deflator","2012 = 1.00000"
"GDPDIUS","197913","0.38771","6","U.S. Gross Domestic Product Implicit Price Deflator","2012 = 1.00000"
"GDPDIUS","198013","0.42273","6","U.S. Gross Domestic Product Implicit Price Deflator","2012 = 1.00000"
"GDPDIUS","198113","0.46273","6","U.S. Gross Domestic Product Implicit Price Deflator","2012 = 1.00000"
"GDPDIUS","198213","0.49132","6","U.S. Gross Domestic Product Implicit Price Deflator","2012 = 1.00000"
"GDPDIUS","198313","0.51056","6","U.S. Gross Domestic Product Implicit Price Deflator","2012 = 1.00000"
"GDPDIUS","198413","0.52898","6","U.S. Gross Domestic Product Implicit Price Deflator","2012 = 1.00000"
"GDPDIUS","198513","0.54571","6","U.S. Gross Domestic Product Implicit Price Deflator","2012 = 1.00000"
"GDPDIUS","198613","0.5567","6","U.S. Gross Domestic Product Implicit Price Deflator","2012 = 1.00000"
"GDPDIUS","198713","0.57046","6","U.S. Gross Domestic Product Implicit Price Deflator","2012 = 1.00000"
"GDPDIUS","198813","0.59059","6","U.S. Gross Domestic Product Implicit Price Deflator","2012 = 1.00000"
"GDPDIUS","198913","0.61374","6","U.S. Gross Domestic Product Implicit Price Deflator","2012 = 1.00000"
"GDPDIUS","199013","0.63671","6","U.S. Gross Domestic Product Implicit Price Deflator","2012 = 1.00000"
"GDPDIUS","199113","0.65825","6","U.S. Gross Domestic Product Implicit Price Deflator","2012 = 1.00000"
"GDPDIUS","199213","0.67325","6","U.S. Gross Domestic Product Implicit Price Deflator","2012 = 1.00000"
"GDPDIUS","199313","0.6892","6","U.S. Gross Domestic Product Implicit Price Deflator","2012 = 1.00000"
"GDPDIUS","199413","0.70392","6","U.S. Gross Domestic Product Implicit Price Deflator","2012 = 1.00000"
"GDPDIUS","199513","0.71868","6","U.S. Gross Domestic Product Implicit Price Deflator","2012 = 1.00000"
"GDPDIUS","199613","0.73183","6","U.S. Gross Domestic Product Implicit Price Deflator","2012 = 1.00000"
"GDPDIUS","199713","0.74445","6","U.S. Gross Domestic Product Implicit Price Deflator","2012 = 1.00000"
"GDPDIUS","199813","0.75283","6","U.S. Gross Domestic Product Implicit Price Deflator","2012 = 1.00000"
"GDPDIUS","199913","0.7637","6","U.S. Gross Domestic Product Implicit Price Deflator","2012 = 1.00000"
"GDPDIUS","200013","0.78078","6","U.S. Gross Domestic Product Implicit Price Deflator","2012 = 1.00000"
"GDPDIUS","200113","0.7979","6","U.S. Gross Domestic Product Implicit Price Deflator","2012 = 1.00000"
"GDPDIUS","200213","0.81052","6","U.S. Gross Domestic Product Implicit Price Deflator","2012 = 1.00000"
"GDPDIUS","200313","0.82557","6","U.S. Gross Domestic Product Implicit Price Deflator","2012 = 1.00000"
"GDPDIUS","200413","0.8478","6","U.S. Gross Domestic Product Implicit Price Deflator","2012 = 1.00000"
"GDPDIUS","200513","0.87421","6","U.S. Gross Domestic Product Implicit Price Deflator","2012 = 1.00000"
"GDPDIUS","200613","0.90066","6","U.S. Gross Domestic Product Implicit Price Deflator","2012 = 1.00000"
"GDPDIUS","200713","0.92486","6","U.S. Gross Domestic Product Implicit Price Deflator","2012 = 1.00000"
"GDPDIUS","200813","0.94285","6","U.S. Gross Domestic Product Implicit Price Deflator","2012 = 1.00000"
"GDPDIUS","200913","0.95004","6","U.S. Gross Domestic Product Implicit Price Deflator","2012 = 1.00000"
"GDPDIUS","201013","0.96111","6","U.S. Gross Domestic Product Implicit Price Deflator","2012 = 1.00000"
"GDPDIUS","201113","0.98118","6","U.S. Gross Domestic Product Implicit Price Deflator","2012 = 1.00000"
"GDPDIUS","201213","1","6","U.S. Gross Domestic Product Implicit Price Deflator","2012 = 1.00000"
"GDPDIUS","201313","1.01755","6","U.S. Gross Domestic Product Implicit Price Deflator","2012 = 1.00000"
"GDPDIUS","201413","1.03638","6","U.S. Gross Domestic Product Implicit Price Deflator","2012 = 1.00000"
"GDPDIUS","201513","1.04624","6","U.S. Gross Domestic Product Implicit Price Deflator","2012 = 1.00000"
"GDPDIUS","201613","1.05722","6","U.S. Gross Domestic Product Implicit Price Deflator","2012 = 1.00000"
"GDPDIUS","201713","1.0771","6","U.S. Gross Domestic Product Implicit Price Deflator","2012 = 1.00000"
"GDPDIUS","201813","1.10296","6","U.S. Gross Domestic Product Implicit Price Deflator","2012 = 1.00000"
"GDPDIUS","201913","1.12265","6","U.S. Gross Domestic Product Implicit Price Deflator","2012 = 1.00000"
"GDPDIUS","202013","1.13626","6","U.S. Gross Domestic Product Implicit Price Deflator","2012 = 1.00000"
"GOPRVUS","194913","510.3","7","U.S. Gross Output, Nominal Dollars","Billion Dollars"
"GOPRVUS","195013","577.8","7","U.S. Gross Output, Nominal Dollars","Billion Dollars"
"GOPRVUS","195113","654.6","7","U.S. Gross Output, Nominal Dollars","Billion Dollars"
"GOPRVUS","195213","686","7","U.S. Gross Output, Nominal Dollars","Billion Dollars"
"GOPRVUS","195313","739.2","7","U.S. Gross Output, Nominal Dollars","Billion Dollars"
"GOPRVUS","195413","739.9","7","U.S. Gross Output, Nominal Dollars","Billion Dollars"
"GOPRVUS","195513","802.6","7","U.S. Gross Output, Nominal Dollars","Billion Dollars"
"GOPRVUS","195613","841.8","7","U.S. Gross Output, Nominal Dollars","Billion Dollars"
"GOPRVUS","195713","875.5","7","U.S. Gross Output, Nominal Dollars","Billion Dollars"
"GOPRVUS","195813","897.5","7","U.S. Gross Output, Nominal Dollars","Billion Dollars"
"GOPRVUS","195913","978.9","7","U.S. Gross Output, Nominal Dollars","Billion Dollars"
"GOPRVUS","196013","1006","7","U.S. Gross Output, Nominal Dollars","Billion Dollars"
"GOPRVUS","196113","1029.7","7","U.S. Gross Output, Nominal Dollars","Billion Dollars"
"GOPRVUS","196213","1105.5","7","U.S. Gross Output, Nominal Dollars","Billion Dollars"
"GOPRVUS","196313","1163","7","U.S. Gross Output, Nominal Dollars","Billion Dollars"
"GOPRVUS","196413","1242.7","7","U.S. Gross Output, Nominal Dollars","Billion Dollars"
"GOPRVUS","196513","1356","7","U.S. Gross Output, Nominal Dollars","Billion Dollars"
"GOPRVUS","196613","1479.2","7","U.S. Gross Output, Nominal Dollars","Billion Dollars"
"GOPRVUS","196713","1555","7","U.S. Gross Output, Nominal Dollars","Billion Dollars"
"GOPRVUS","196813","1689.8","7","U.S. Gross Output, Nominal Dollars","Billion Dollars"
"GOPRVUS","196913","1824.9","7","U.S. Gross Output, Nominal Dollars","Billion Dollars"
"GOPRVUS","197013","1903","7","U.S. Gross Output, Nominal Dollars","Billion Dollars"
"GOPRVUS","197113","2049.3","7","U.S. Gross Output, Nominal Dollars","Billion Dollars"
"GOPRVUS","197213","2273.7","7","U.S. Gross Output, Nominal Dollars","Billion Dollars"
"GOPRVUS","197313","2556","7","U.S. Gross Output, Nominal Dollars","Billion Dollars"
"GOPRVUS","197413","2877.8","7","U.S. Gross Output, Nominal Dollars","Billion Dollars"
"GOPRVUS","197513","3055.3","7","U.S. Gross Output, Nominal Dollars","Billion Dollars"
"GOPRVUS","197613","3434.6","7","U.S. Gross Output, Nominal Dollars","Billion Dollars"
"GOPRVUS","197713","3872.7","7","U.S. Gross Output, Nominal Dollars","Billion Dollars"
"GOPRVUS","197813","4366.8","7","U.S. Gross Output, Nominal Dollars","Billion Dollars"
"GOPRVUS","197913","4925.5","7","U.S. Gross Output, Nominal Dollars","Billion Dollars"
"GOPRVUS","198013","5462","7","U.S. Gross Output, Nominal Dollars","Billion Dollars"
"GOPRVUS","198113","6033.5","7","U.S. Gross Output, Nominal Dollars","Billion Dollars"
"GOPRVUS","198213","6175","7","U.S. Gross Output, Nominal Dollars","Billion Dollars"
"GOPRVUS","198313","6631","7","U.S. Gross Output, Nominal Dollars","Billion Dollars"
"GOPRVUS","198413","7313.8","7","U.S. Gross Output, Nominal Dollars","Billion Dollars"
"GOPRVUS","198513","7775.7","7","U.S. Gross Output, Nominal Dollars","Billion Dollars"
"GOPRVUS","198613","8031","7","U.S. Gross Output, Nominal Dollars","Billion Dollars"
"GOPRVUS","198713","8707.5","7","U.S. Gross Output, Nominal Dollars","Billion Dollars"
"GOPRVUS","198813","9434.2","7","U.S. Gross Output, Nominal Dollars","Billion Dollars"
"GOPRVUS","198913","10069.8","7","U.S. Gross Output, Nominal Dollars","Billion Dollars"
"GOPRVUS","199013","10624.6","7","U.S. Gross Output, Nominal Dollars","Billion Dollars"
"GOPRVUS","199113","10808","7","U.S. Gross Output, Nominal Dollars","Billion Dollars"
"GOPRVUS","199213","11381","7","U.S. Gross Output, Nominal Dollars","Billion Dollars"
"GOPRVUS","199313","12024.4","7","U.S. Gross Output, Nominal Dollars","Billion Dollars"
"GOPRVUS","199413","12826.8","7","U.S. Gross Output, Nominal Dollars","Billion Dollars"
"GOPRVUS","199513","13653.2","7","U.S. Gross Output, Nominal Dollars","Billion Dollars"
"GOPRVUS","199613","14463.4","7","U.S. Gross Output, Nominal Dollars","Billion Dollars"
"GOPRVUS","199713","15393.3","7","U.S. Gross Output, Nominal Dollars","Billion Dollars"
"GOPRVUS","199813","16216.8","7","U.S. Gross Output, Nominal Dollars","Billion Dollars"
"GOPRVUS","199913","17272.3","7","U.S. Gross Output, Nominal Dollars","Billion Dollars"
"GOPRVUS","200013","18623.9","7","U.S. Gross Output, Nominal Dollars","Billion Dollars"
"GOPRVUS","200113","18888.3","7","U.S. Gross Output, Nominal Dollars","Billion Dollars"
"GOPRVUS","200213","19178.3","7","U.S. Gross Output, Nominal Dollars","Billion Dollars"
"GOPRVUS","200313","20141.2","7","U.S. Gross Output, Nominal Dollars","Billion Dollars"
"GOPRVUS","200413","21690.2","7","U.S. Gross Output, Nominal Dollars","Billion Dollars"
"GOPRVUS","200513","23512.9","7","U.S. Gross Output, Nominal Dollars","Billion Dollars"
"GOPRVUS","200613","24931.4","7","U.S. Gross Output, Nominal Dollars","Billion Dollars"
"GOPRVUS","200713","26238.5","7","U.S. Gross Output, Nominal Dollars","Billion Dollars"
"GOPRVUS","200813","26989.2","7","U.S. Gross Output, Nominal Dollars","Billion Dollars"
"GOPRVUS","200913","24919.5","7","U.S. Gross Output, Nominal Dollars","Billion Dollars"
"GOPRVUS","201013","26422.4","7","U.S. Gross Output, Nominal Dollars","Billion Dollars"
"GOPRVUS","201113","27999.5","7","U.S. Gross Output, Nominal Dollars","Billion Dollars"
"GOPRVUS","201213","29186.8","7","U.S. Gross Output, Nominal Dollars","Billion Dollars"
"GOPRVUS","201313","30291.3","7","U.S. Gross Output, Nominal Dollars","Billion Dollars"
"GOPRVUS","201413","31740","7","U.S. Gross Output, Nominal Dollars","Billion Dollars"
"GOPRVUS","201513","32222.3","7","U.S. Gross Output, Nominal Dollars","Billion Dollars"
"GOPRVUS","201613","32882.2","7","U.S. Gross Output, Nominal Dollars","Billion Dollars"
"GOPRVUS","201713","34474.7","7","U.S. Gross Output, Nominal Dollars","Billion Dollars"
"GOPRVUS","201813","36603.4","7","U.S. Gross Output, Nominal Dollars","Billion Dollars"
"GOPRVUS","201913","37817","7","U.S. Gross Output, Nominal Dollars","Billion Dollars"
"GOPRVUS","202013","36737.4","7","U.S. Gross Output, Nominal Dollars","Billion Dollars"
